



insert teacherT(teacherPhone,teacherPwd,teacherName,teacherSatisfaction,teacherStyle,teacherMoney,teacherStage,teacherClasses,teacherState)
values('18172821525','961111','刘畅','98%','幽默风趣，讲课细致，专业系统','5000','初中','数学','1')
insert teacherT(teacherPhone,teacherPwd,teacherName,teacherSatisfaction,teacherStyle,teacherMoney,teacherStage,teacherClasses,teacherState)
values('18134532555','212121','刘一','97%','幽默风趣，讲课细致，专业系统','5000','初中','英语  语文','0')
insert teacherT(teacherPhone,teacherPwd,teacherName,teacherSatisfaction,teacherStyle,teacherMoney,teacherStage,teacherClasses,teacherState)
values('13854353241','313131','刘二','98%','亦师亦友，节奏欢快','5000','小学','数学','0')
insert teacherT(teacherPhone,teacherPwd,teacherName,teacherSatisfaction,teacherStyle,teacherMoney,teacherStage,teacherClasses,teacherState)
values('18177144934','555555','刘三','99%','幽默，讲解清晰','5000','小学','语文  数学','1')
insert teacherT(teacherPhone,teacherPwd,teacherName,teacherSatisfaction,teacherStyle,teacherMoney,teacherStage,teacherClasses,teacherState)
values('18108426543','776677','刘四','100%','幽默风趣，讲课细致，专业系统','5000','小学  初中','语文','1')
insert teacherT(teacherPhone,teacherPwd,teacherName,teacherSatisfaction,teacherStyle,teacherMoney,teacherStage,teacherClasses,teacherState)
values('13893521164','aaaaaa','刘五','98%','幽默风趣，讲课细致，专业系统','5000','小学','奥数','1')
insert teacherT(teacherPhone,teacherPwd,teacherName,teacherSatisfaction,teacherStyle,teacherMoney,teacherStage,teacherClasses,teacherState)
values('18123456789','abcbca','刘六','98%','幽默风趣，讲课细致，专业系统','5000','小学','新概念英语第一册  新概念英语第二册','1')
insert teacherT(teacherPhone,teacherPwd,teacherName,teacherSatisfaction,teacherStyle,teacherMoney,teacherStage,teacherClasses,teacherState)
values('18122222222','afdafd','刘七','99%','幽默风趣，讲课细致，专业系统','5000','初中','物理','1')
insert teacherT(teacherPhone,teacherPwd,teacherName,teacherSatisfaction,teacherStyle,teacherMoney,teacherStage,teacherClasses,teacherState)
values('18133333333','556799','刘八','99%','认真细致，讲练结合','5000','初中','语文','1')
insert teacherT(teacherPhone,teacherPwd,teacherName,teacherSatisfaction,teacherStyle,teacherMoney,teacherStage,teacherClasses,teacherState)
values('18901111111','222111','刘九','98%','幽默风趣，讲课细致，专业系统','5000','初中','生物  化学','1')
insert teacherT(teacherPhone,teacherPwd,teacherName,teacherSatisfaction,teacherStyle,teacherMoney,teacherStage,teacherClasses,teacherState)
values('18978787878','998899','刘十','99%','幽默风趣，讲课细致，专业系统','5000','高中','生物  物理','1')
insert teacherT(teacherPhone,teacherPwd,teacherName,teacherSatisfaction,teacherStyle,teacherMoney,teacherStage,teacherClasses,teacherState)
values('18143434343','067868','李一','98%','认真细致，讲练结合','5000','高中','语文，历史','1')
insert teacherT(teacherPhone,teacherPwd,teacherName,teacherSatisfaction,teacherStyle,teacherMoney,teacherStage,teacherClasses,teacherState)
values('13875647777','gggggg','李二','95%','幽默风趣，讲课细致，专业系统','5000','高中','化学  数学','1')
insert teacherT(teacherPhone,teacherPwd,teacherName,teacherSatisfaction,teacherStyle,teacherMoney,teacherStage,teacherClasses,teacherState)
values('13786746245','454545','李三','97%','幽默风趣，讲课细致，专业系统','5000','高中','语文','1')
insert teacherT(teacherPhone,teacherPwd,teacherName,teacherSatisfaction,teacherStyle,teacherMoney,teacherStage,teacherClasses,teacherState)
values('18175899999','765756','李四','99%','幽默风趣，讲课细致，专业系统','5000','高中','数学  化学','1')
insert teacherT(teacherPhone,teacherPwd,teacherName,teacherSatisfaction,teacherStyle,teacherMoney,teacherStage,teacherClasses,teacherState)
values('18135123232','868686','王一','96%','幽默风趣，讲课细致，专业系统','5000','高中','初中  物理','1')
insert teacherT(teacherPhone,teacherPwd,teacherName,teacherSatisfaction,teacherStyle,teacherMoney,teacherStage,teacherClasses,teacherState)
values('13858656566','cacaca','王二','96%','认真细致，讲练结合','5000','高中','政治  历史','1')
insert teacherT(teacherPhone,teacherPwd,teacherName,teacherSatisfaction,teacherStyle,teacherMoney,teacherStage,teacherClasses,teacherState)
values('13862525252','faafff','王三','98%','幽默风趣，讲课细致，专业系统','5000','高中','化学','1')
insert teacherT(teacherPhone,teacherPwd,teacherName,teacherSatisfaction,teacherStyle,teacherMoney,teacherStage,teacherClasses,teacherState)
values('18175545433','eeeeee','赵一','98%','认真细致，讲练结合','5000','高中','生物','1')
insert teacherT(teacherPhone,teacherPwd,teacherName,teacherSatisfaction,teacherStyle,teacherMoney,teacherStage,teacherClasses,teacherState)
values('18100758788','bbbbbb','赵二','95%','幽默风趣，讲课细致，专业系统','5000','高中','英语','1')
insert teacherT(teacherPhone,teacherPwd,teacherName,teacherSatisfaction,teacherStyle,teacherMoney,teacherStage,teacherClasses,teacherState)
values('18100758732','fsfsfs','游少军','98%','幽默风趣，讲课细致，专业系统','5000','高中','数学','1')

--select * from teacherT



insert tIdentify(teacherNo,tName,tAge,tArea,tSchool,tIdcard,tPicture,tSex,tDescription,tMajor,tEducation)
values('1001','刘畅','21','江西省南昌市','江西师范大学','360101199611116032','IMG/teacherIMG/1.jpg','男','本人性格热情开朗，待人友好，为人诚实谦虚。工作勤奋，认真负责，能吃苦耐劳，尽职尽责，有耐心。具有亲和力，平易近人，善于与人沟通。学习刻苦认真，成绩优秀，名列前茅。品学兼优，大学期间两次获得国家励志奖学金两次获得校奖学金和三好学生标兵的称号，通过英语四六级，爱好运动，爱打羽毛球','软件工程','在读本科')
insert tIdentify(teacherNo,tName,tAge,tArea,tSchool,tIdcard,tPicture,tSex,tDescription,tMajor,tEducation)
values('1002','刘一','20','江西省南昌市','江西财经大学','360101199707116032','IMG/teacherIMG/2.jpg','女','本人性格热情开朗，待人友好，为人诚实谦虚。工作勤奋，认真负责，能吃苦耐劳，尽职尽责，有耐心。具有亲和力，平易近人，善于与人沟通。学习刻苦认真，成绩优秀，名列前茅。品学兼优，大学期间两次获得国家励志奖学金两次获得校奖学金和三好学生标兵的称号，通过英语四六级，爱好运动，爱打羽毛球','化学','在读本科')
insert tIdentify(teacherNo,tName,tAge,tArea,tSchool,tIdcard,tPicture,tSex,tDescription,tMajor,tEducation)
values('1003','刘二','22','江西省南昌市','南昌大学','360101199508236032','IMG/teacherIMG/3.jpg','女','本人性格热情开朗，待人友好，为人诚实谦虚。工作勤奋，认真负责，能吃苦耐劳，尽职尽责，有耐心。具有亲和力，平易近人，善于与人沟通。学习刻苦认真，成绩优秀，名列前茅。品学兼优，大学期间两次获得国家励志奖学金两次获得校奖学金和三好学生标兵的称号，通过英语四六级，爱好运动，爱打羽毛球','英语','在读本科')
insert tIdentify(teacherNo,tName,tAge,tArea,tSchool,tIdcard,tPicture,tSex,tDescription,tMajor,tEducation)
values('1004','刘三','23','江西省南昌市','华东交通大学','360101199409216032','IMG/teacherIMG/4.jpg','女','本人性格热情开朗，待人友好，为人诚实谦虚。工作勤奋，认真负责，能吃苦耐劳，尽职尽责，有耐心。具有亲和力，平易近人，善于与人沟通。学习刻苦认真，成绩优秀，名列前茅。品学兼优，大学期间两次获得国家励志奖学金两次获得校奖学金和三好学生标兵的称号，通过英语四六级，爱好运动，爱打羽毛球','统计学','在读研究生')
insert tIdentify(teacherNo,tName,tAge,tArea,tSchool,tIdcard,tPicture,tSex,tDescription,tMajor,tEducation)
values('1005','刘四','19','江西省南昌市','江西农业大学','360101199802036032','IMG/teacherIMG/5.jpg','男','本人性格热情开朗，待人友好，为人诚实谦虚。工作勤奋，认真负责，能吃苦耐劳，尽职尽责，有耐心。具有亲和力，平易近人，善于与人沟通。学习刻苦认真，成绩优秀，名列前茅。品学兼优，大学期间两次获得国家励志奖学金两次获得校奖学金和三好学生标兵的称号，通过英语四六级，爱好运动，爱打羽毛球','生物工程','在读本科')
insert tIdentify(teacherNo,tName,tAge,tArea,tSchool,tIdcard,tPicture,tSex,tDescription,tMajor,tEducation)
values('1006','刘五','21','江西省南昌市','江西师范大学','360101199611106032','IMG/teacherIMG/6.jpg','男','本人性格热情开朗，待人友好，为人诚实谦虚。工作勤奋，认真负责，能吃苦耐劳，尽职尽责，有耐心。具有亲和力，平易近人，善于与人沟通。学习刻苦认真，成绩优秀，名列前茅。品学兼优，大学期间两次获得国家励志奖学金两次获得校奖学金和三好学生标兵的称号，通过英语四六级，爱好运动，爱打羽毛球','软件工程','在读本科')
insert tIdentify(teacherNo,tName,tAge,tArea,tSchool,tIdcard,tPicture,tSex,tDescription,tMajor,tEducation)
values('1007','刘六','20','江西省南昌市','江西财经大学','360101199707106032','IMG/teacherIMG/7.jpg','女','本人性格热情开朗，待人友好，为人诚实谦虚。工作勤奋，认真负责，能吃苦耐劳，尽职尽责，有耐心。具有亲和力，平易近人，善于与人沟通。学习刻苦认真，成绩优秀，名列前茅。品学兼优，大学期间两次获得国家励志奖学金两次获得校奖学金和三好学生标兵的称号，通过英语四六级，爱好运动，爱打羽毛球','化学','在读本科')
insert tIdentify(teacherNo,tName,tAge,tArea,tSchool,tIdcard,tPicture,tSex,tDescription,tMajor,tEducation)
values('1008','刘七','22','江西省南昌市','南昌大学','360101199508206032','IMG/teacherIMG/8.jpg','女','本人性格热情开朗，待人友好，为人诚实谦虚。工作勤奋，认真负责，能吃苦耐劳，尽职尽责，有耐心。具有亲和力，平易近人，善于与人沟通。学习刻苦认真，成绩优秀，名列前茅。品学兼优，大学期间两次获得国家励志奖学金两次获得校奖学金和三好学生标兵的称号，通过英语四六级，爱好运动，爱打羽毛球','英语','在读本科')
insert tIdentify(teacherNo,tName,tAge,tArea,tSchool,tIdcard,tPicture,tSex,tDescription,tMajor,tEducation)
values('1009','刘八','23','江西省南昌市','华东交通大学','360101199409226032','IMG/teacherIMG/9.jpg','女','本人性格热情开朗，待人友好，为人诚实谦虚。工作勤奋，认真负责，能吃苦耐劳，尽职尽责，有耐心。具有亲和力，平易近人，善于与人沟通。学习刻苦认真，成绩优秀，名列前茅。品学兼优，大学期间两次获得国家励志奖学金两次获得校奖学金和三好学生标兵的称号，通过英语四六级，爱好运动，爱打羽毛球','统计学','在读研究生')
insert tIdentify(teacherNo,tName,tAge,tArea,tSchool,tIdcard,tPicture,tSex,tDescription,tMajor,tEducation)
values('1010','刘九','19','江西省南昌市','江西农业大学','360101199802016032','IMG/teacherIMG/10.jpg','女','本人性格热情开朗，待人友好，为人诚实谦虚。工作勤奋，认真负责，能吃苦耐劳，尽职尽责，有耐心。具有亲和力，平易近人，善于与人沟通。学习刻苦认真，成绩优秀，名列前茅。品学兼优，大学期间两次获得国家励志奖学金两次获得校奖学金和三好学生标兵的称号，通过英语四六级，爱好运动，爱打羽毛球','生物工程','在读本科')
insert tIdentify(teacherNo,tName,tAge,tArea,tSchool,tIdcard,tPicture,tSex,tDescription,tMajor,tEducation)
values('1011','刘十','21','江西省南昌市','江西师范大学','360101199611126032','IMG/teacherIMG/11.jpg','男','本人性格热情开朗，待人友好，为人诚实谦虚。工作勤奋，认真负责，能吃苦耐劳，尽职尽责，有耐心。具有亲和力，平易近人，善于与人沟通。学习刻苦认真，成绩优秀，名列前茅。品学兼优，大学期间两次获得国家励志奖学金两次获得校奖学金和三好学生标兵的称号，通过英语四六级，爱好运动，爱打羽毛球','软件工程','在读本科')
insert tIdentify(teacherNo,tName,tAge,tArea,tSchool,tIdcard,tPicture,tSex,tDescription,tMajor,tEducation)
values('1012','李一','20','江西省南昌市','江西财经大学','360101199707126032','IMG/teacherIMG/12.jpg','男','本人性格热情开朗，待人友好，为人诚实谦虚。工作勤奋，认真负责，能吃苦耐劳，尽职尽责，有耐心。具有亲和力，平易近人，善于与人沟通。学习刻苦认真，成绩优秀，名列前茅。品学兼优，大学期间两次获得国家励志奖学金两次获得校奖学金和三好学生标兵的称号，通过英语四六级，爱好运动，爱打羽毛球','化学','在读本科')
insert tIdentify(teacherNo,tName,tAge,tArea,tSchool,tIdcard,tPicture,tSex,tDescription,tMajor,tEducation)
values('1013','李二','22','江西省南昌市','南昌大学','360101199508226032','IMG/teacherIMG/13.jpg','男','本人性格热情开朗，待人友好，为人诚实谦虚。工作勤奋，认真负责，能吃苦耐劳，尽职尽责，有耐心。具有亲和力，平易近人，善于与人沟通。学习刻苦认真，成绩优秀，名列前茅。品学兼优，大学期间两次获得国家励志奖学金两次获得校奖学金和三好学生标兵的称号，通过英语四六级，爱好运动，爱打羽毛球','英语','在读本科')
insert tIdentify(teacherNo,tName,tAge,tArea,tSchool,tIdcard,tPicture,tSex,tDescription,tMajor,tEducation)
values('1014','李三','23','江西省南昌市','华东交通大学','360101199409256032','IMG/teacherIMG/14.jpg','女','本人性格热情开朗，待人友好，为人诚实谦虚。工作勤奋，认真负责，能吃苦耐劳，尽职尽责，有耐心。具有亲和力，平易近人，善于与人沟通。学习刻苦认真，成绩优秀，名列前茅。品学兼优，大学期间两次获得国家励志奖学金两次获得校奖学金和三好学生标兵的称号，通过英语四六级，爱好运动，爱打羽毛球','统计学','在读研究生')
insert tIdentify(teacherNo,tName,tAge,tArea,tSchool,tIdcard,tPicture,tSex,tDescription,tMajor,tEducation)
values('1015','李四','19','江西省南昌市','江西农业大学','360101199802046032','IMG/teacherIMG/15.jpg','女','本人性格热情开朗，待人友好，为人诚实谦虚。工作勤奋，认真负责，能吃苦耐劳，尽职尽责，有耐心。具有亲和力，平易近人，善于与人沟通。学习刻苦认真，成绩优秀，名列前茅。品学兼优，大学期间两次获得国家励志奖学金两次获得校奖学金和三好学生标兵的称号，通过英语四六级，爱好运动，爱打羽毛球','生物工程','在读本科')
insert tIdentify(teacherNo,tName,tAge,tArea,tSchool,tIdcard,tPicture,tSex,tDescription,tMajor,tEducation)
values('1016','王一','21','江西省南昌市','江西师范大学','360101199611176032','IMG/teacherIMG/16.jpg','女','本人性格热情开朗，待人友好，为人诚实谦虚。工作勤奋，认真负责，能吃苦耐劳，尽职尽责，有耐心。具有亲和力，平易近人，善于与人沟通。学习刻苦认真，成绩优秀，名列前茅。品学兼优，大学期间两次获得国家励志奖学金两次获得校奖学金和三好学生标兵的称号，通过英语四六级，爱好运动，爱打羽毛球','软件工程','在读本科')
insert tIdentify(teacherNo,tName,tAge,tArea,tSchool,tIdcard,tPicture,tSex,tDescription,tMajor,tEducation)
values('1017','王二','20','江西省南昌市','江西财经大学','360101199707196032','IMG/teacherIMG/17.jpg','男','本人性格热情开朗，待人友好，为人诚实谦虚。工作勤奋，认真负责，能吃苦耐劳，尽职尽责，有耐心。具有亲和力，平易近人，善于与人沟通。学习刻苦认真，成绩优秀，名列前茅。品学兼优，大学期间两次获得国家励志奖学金两次获得校奖学金和三好学生标兵的称号，通过英语四六级，爱好运动，爱打羽毛球','化学','在读本科')
insert tIdentify(teacherNo,tName,tAge,tArea,tSchool,tIdcard,tPicture,tSex,tDescription,tMajor,tEducation)
values('1018','王三','22','江西省南昌市','南昌大学','360101199508136032','IMG/teacherIMG/18.jpg','女','本人性格热情开朗，待人友好，为人诚实谦虚。工作勤奋，认真负责，能吃苦耐劳，尽职尽责，有耐心。具有亲和力，平易近人，善于与人沟通。学习刻苦认真，成绩优秀，名列前茅。品学兼优，大学期间两次获得国家励志奖学金两次获得校奖学金和三好学生标兵的称号，通过英语四六级，爱好运动，爱打羽毛球','英语','在读本科')
insert tIdentify(teacherNo,tName,tAge,tArea,tSchool,tIdcard,tPicture,tSex,tDescription,tMajor,tEducation)
values('1019','赵一','23','江西省南昌市','华东交通大学','360101199409136032','IMG/teacherIMG/19.jpg','女','本人性格热情开朗，待人友好，为人诚实谦虚。工作勤奋，认真负责，能吃苦耐劳，尽职尽责，有耐心。具有亲和力，平易近人，善于与人沟通。学习刻苦认真，成绩优秀，名列前茅。品学兼优，大学期间两次获得国家励志奖学金两次获得校奖学金和三好学生标兵的称号，通过英语四六级，爱好运动，爱打羽毛球','统计学','在读研究生')
insert tIdentify(teacherNo,tName,tAge,tArea,tSchool,tIdcard,tPicture,tSex,tDescription,tMajor,tEducation)
values('1020','赵二','19','江西省南昌市','江西农业大学','360101199802046032','IMG/teacherIMG/20.jpg','女','本人性格热情开朗，待人友好，为人诚实谦虚。工作勤奋，认真负责，能吃苦耐劳，尽职尽责，有耐心。具有亲和力，平易近人，善于与人沟通。学习刻苦认真，成绩优秀，名列前茅。品学兼优，大学期间两次获得国家励志奖学金两次获得校奖学金和三好学生标兵的称号，通过英语四六级，爱好运动，爱打羽毛球','生物工程','在读本科')
insert tIdentify(teacherNo,tName,tAge,tArea,tSchool,tIdcard,tPicture,tSex,tDescription,tMajor,tEducation)
values('1021','游少军','20','江西省南昌市','江西师范大学','360101199702046032','IMG/teacherIMG/21.jpg','男','本人性格热情开朗，待人友好，为人诚实谦虚。工作勤奋，认真负责，能吃苦耐劳，尽职尽责，有耐心。具有亲和力，平易近人，善于与人沟通。学习刻苦认真，成绩优秀，名列前茅。品学兼优，大学期间两次获得国家励志奖学金两次获得校奖学金和三好学生标兵的称号，通过英语四六级，爱好运动，爱打羽毛球','软件工程','在读本科')

--select * from tIdentify



insert studentT(stuPhone,stuPwd,stuName,stuMoney,stuState,stuBirth,stuSex,stuStage,stuSchool)
values('18970924849','123456','刘一','3000','1','2000年5月5号','男','高中','江西师大附中')
insert studentT(stuPhone,stuPwd,stuState) values('18270953570','121212','0')
insert into studentT(stuPhone,stuPwd,stuName,stuState,stuBirth,stuSex,stuStage,stuSchool)
values('18970924854','123457','张三','1','2000年5月5号','男','高中','江西师大附中')
--select * from studentT



insert classInterval(intervalDate,intervalTime) values('星期一','8:00-10:00')
insert classInterval(intervalDate,intervalTime) values('星期一','10:10-12:10')
insert classInterval(intervalDate,intervalTime) values('星期一','14:00-16:00')
insert classInterval(intervalDate,intervalTime) values('星期一','16:10-18:10')
insert classInterval(intervalDate,intervalTime) values('星期一','19:00-21:00')
insert classInterval(intervalDate,intervalTime) values('星期二','8:00-10:00')
insert classInterval(intervalDate,intervalTime) values('星期二','10:10-12:10')
insert classInterval(intervalDate,intervalTime) values('星期二','14:00-16:00')
insert classInterval(intervalDate,intervalTime) values('星期二','16:10-18:10')
insert classInterval(intervalDate,intervalTime) values('星期二','19:00-21:00')
insert classInterval(intervalDate,intervalTime) values('星期三','8:00-10:00')
insert classInterval(intervalDate,intervalTime) values('星期三','10:10-12:10')
insert classInterval(intervalDate,intervalTime) values('星期三','14:00-16:00')
insert classInterval(intervalDate,intervalTime) values('星期三','16:10-18:10')
insert classInterval(intervalDate,intervalTime) values('星期三','19:00-21:00')
insert classInterval(intervalDate,intervalTime) values('星期四','8:00-10:00')
insert classInterval(intervalDate,intervalTime) values('星期四','10:10-12:10')
insert classInterval(intervalDate,intervalTime) values('星期四','14:00-16:00')
insert classInterval(intervalDate,intervalTime) values('星期四','16:10-18:10')
insert classInterval(intervalDate,intervalTime) values('星期四','19:00-21:00')
insert classInterval(intervalDate,intervalTime) values('星期五','8:00-10:00')
insert classInterval(intervalDate,intervalTime) values('星期五','10:10-12:10')
insert classInterval(intervalDate,intervalTime) values('星期五','14:00-16:00')
insert classInterval(intervalDate,intervalTime) values('星期五','16:10-18:10')
insert classInterval(intervalDate,intervalTime) values('星期五','19:00-21:00')
insert classInterval(intervalDate,intervalTime) values('星期六','8:00-10:00')
insert classInterval(intervalDate,intervalTime) values('星期六','10:10-12:10')
insert classInterval(intervalDate,intervalTime) values('星期六','14:00-16:00')
insert classInterval(intervalDate,intervalTime) values('星期六','16:10-18:10')
insert classInterval(intervalDate,intervalTime) values('星期六','19:00-21:00')
insert classInterval(intervalDate,intervalTime) values('星期天','8:00-10:00')
insert classInterval(intervalDate,intervalTime) values('星期天','10:10-12:10')
insert classInterval(intervalDate,intervalTime) values('星期天','14:00-16:00')
insert classInterval(intervalDate,intervalTime) values('星期天','16:10-18:10')
insert classInterval(intervalDate,intervalTime) values('星期天','19:00-21:00')

--select * from classInterval



insert into class(teacherNo,stuNo,classDate,classTime,classState,className,classMoney,courseState2)
values('1001','1001','2017-12-26','8:00-10:00','2','数学','30','2')
insert into class(teacherNo,stuNo,classDate,classTime,classState,className,classMoney,courseState2)
values('1003','1001','2017-12-26','13:00-15:00','2','数学','30','2')
insert into class(teacherNo,stuNo,classDate,classTime,classState,className,classMoney,courseState2)
values('1004','1001','2017-12-26','19:00-21:00','2','数学','30','2')
insert into class(teacherNo,stuNo,classDate,classTime,classState,className,classMoney,courseState2)
values('1001','1001','2017-12-27','8:00-10:00','2','数学','30','2')
insert into class(teacherNo,stuNo,classDate,classTime,classState,className,classMoney,courseState2)
values('1003','1001','2017-12-27','8:00-10:00','2','数学','30','2')
insert into class(teacherNo,stuNo,classDate,classTime,classState,className,classMoney,courseState2)
values('1004','1001','2017-12-27','10:10-12:10','2','数学','30','2')
insert into class(teacherNo,stuNo,classDate,classTime,classState,className,classMoney,courseState2)
values('1001','1001','2017-12-28','8:00-10:00','2','数学','30','1')
insert into class(teacherNo,stuNo,classDate,classTime,classState,className,classMoney,courseState2)
values('1003','1001','2017-12-29','10:10-12:10','2','数学','30','1')
insert into class(teacherNo,stuNo,classDate,classTime,classState,className,classMoney,courseState2)
values('1004','1001','2017-12-27','19:00-21:00','2','化学','30','1')
insert into class(teacherNo,stuNo,classDate,classTime,classState,className,classMoney,courseState2)
values('1005','1001','2017-12-31','8:00-10:00','2','语文','30','1')
insert into class(teacherNo,stuNo,classDate,classTime,classState,className,classMoney,courseState2)
values('1008','1001','2018-01-05','8:00-10:00','2','语文','30','1')
insert into class(teacherNo,stuNo,classDate,classTime,classState,className,classMoney,courseState2)
values('1008','1001','2018-01-15','8:00-10:00','2','语文','30','1')
insert into class(teacherNo,stuNo,classDate,classTime,classState,className,classMoney,courseState2)
values('1003','1001','2018-01-18','14:00-16:00','2','英语','30','1')
insert into class(teacherNo,stuNo,classDate,classTime,classState,className,classMoney,courseState2)
values('1004','1001','2018-01-19','8:00-10:00','2','生物','30','1')

